,array_row,array_col
AAACTGCTGGCTCCAA-1,45,67
AAAGGCTCTCGCGCCG-1,55,55
AAATACCTATAAGCAT-1,47,69
AAATCGTGTACCACAA-1,44,56
AAATGGTCAATGTGCC-1,33,51
AAATTAACGGGTAGCT-1,34,58
AACCTTTAAATACGGT-1,54,68
AACGATAATGCCGTAG-1,53,73
AACGTACTGTGGGTAC-1,48,42
AACGTGCGAAAGTCTC-1,36,74
AACTAGGCTTGGGTGT-1,55,61
AACTCAAGTTAATTGC-1,38,44
AAGACTGCAAGCTACT-1,36,68
AAGAGCTCTTTATCGG-1,35,77
AAGCATACTCTCCTGA-1,53,69
AAGCTAGATCGAGTAA-1,50,68
AAGCTCGTGCCAAGTC-1,35,73
AAGGAGCGGTTGGTGC-1,28,48
AAGGCTGTGCTCATCG-1,30,46
AATAGAACAGAGTGGC-1,52,46
AATAGTCCGTCCCGAC-1,57,57
AATCGCCTCAGCGCCA-1,39,79
AATGACGTAGGATGTC-1,44,78
AATTAAAGGTCGGCGT-1,40,50
AATTAGCGCTGCAGCG-1,51,63
AATTCTAGAGTTAGGC-1,49,63
ACAACAGCATGAGCTA-1,32,72
ACAAGGAAATCCGCCC-1,49,75
ACAAGGGCAGGCTCTG-1,44,76
ACACGAGACTCCTTCT-1,31,71
ACACTGATCAAGGTGT-1,52,48
ACATCCCGGCCATACG-1,55,57
ACATCGATCGTTTACC-1,42,62
ACATTAGTTTATATCC-1,51,61
ACCAACGCTTATTTAT-1,53,49
ACCACAAGTTTCTATC-1,30,54
ACCACGTGCAGCTATA-1,48,76
ACCATATCCGCAATAA-1,38,56
ACCATCGTATATGGTA-1,42,42
ACCCGGAAACTCCCAG-1,57,65
ACCCGGTTACACTTCC-1,42,48
ACCGACTGAGTCCCAC-1,28,66
ACGATGCATATGTTAT-1,37,43
ACGCATTCGTGAGTAC-1,33,61
ACGCCGCTAGACGACC-1,43,71
ACGCGAAGTCAGACGA-1,49,59
ACGCGGGCCAAGGACA-1,34,62
ACGGCACTTGCTTGGG-1,52,60
ACGGCCAACATGGACT-1,53,55
ACGGCGACGATGGGAA-1,49,77
ACGTAGATTGCTGATG-1,33,67
ACGTTAATGTCGAAGA-1,41,69
ACGTTAGATTTGCCCG-1,39,39
ACTCCCTAGAATAGTA-1,48,70
ACTCGTCAGTAATCCC-1,36,78
ACTCTCTGACTTAGGT-1,42,78
ACTCTTGTATAGTAAC-1,36,70
ACTGTCCAGGATTATA-1,33,55
ACTGTCTTCTTTAGAA-1,30,64
ACTTATTAGGATCGGT-1,38,52
ACTTGACTCCCTCTTT-1,42,72
ACTTGGGACCCGGTGG-1,29,49
ACTTTCCTATAGCTTC-1,28,62
AGAAGGTTGCCGAATT-1,42,44
AGACCCACCGCTGATC-1,49,65
AGACCCGCCCTCCTCG-1,26,56
AGACTAGCCTTCCAGA-1,28,46
AGATAACTTCAGGGCC-1,32,44
AGATACCGGTGTTCAC-1,40,38
AGATTATAGGACGTTT-1,36,54
AGCACCAGTACTCACG-1,27,65
AGCAGCCAGATGAATA-1,56,58
AGCGACCAACGATATT-1,25,55
AGCGCATAATGAATCG-1,57,55
AGCGTGGTATTCTACT-1,45,71
AGCTCTAGACGTTCCA-1,38,76
AGCTCTTTACTCAGTT-1,41,45
AGGACGACCCATTAGA-1,43,45
AGGATAAAGTCGGGAT-1,53,65
AGGCTTCCCGAAGAAG-1,50,42
AGGGACTCTACGCGAC-1,55,53
AGGGCTGCAGTTACAG-1,35,65
AGGGTTTAGTTCGGGA-1,33,63
AGGTTTCACACACCTT-1,41,67
AGTCAACACCACCATC-1,41,47
AGTGACCTACTTTACG-1,44,52
AGTGATATGAGTAGTT-1,45,49
AGTGCGTAGCTCGTAA-1,46,42
AGTTAAACACTTGCGA-1,40,44
AGTTCCTACAGAATTA-1,30,50
AGTTCCTATTTATGTT-1,43,65
ATAAACGGACCCGTAA-1,47,61
ATAAAGGCTCGGTCGT-1,34,50
ATAAGGTGGAGAACAT-1,50,72
ATAAGTTACCGCGACG-1,46,52
ATAATAGCTGTTGAAT-1,47,63
ATACGCCGGCGAAACC-1,40,78
ATAGACGAAGAGAAAG-1,33,45
ATAGGTTGGGCAGATG-1,28,64
ATAGTGAAGCGTTCTC-1,41,57
ATATAAATGTAGCTGC-1,54,74
ATATCTTAGGGCCTTC-1,35,61
ATATTCAGTTAAACCT-1,44,40
ATATTCCACATAGTGA-1,51,77
ATATTTAACCCTCAAG-1,31,55
ATCAATCTGGGCTGCA-1,33,65
ATCAGACGGCACGCCG-1,44,42
ATCATCCAATATTTGT-1,39,59
ATCCAGAGCAACAACC-1,50,52
ATCCAGGATTCGTGAA-1,40,46
ATCCTACCTAAGCTCT-1,44,48
ATCCTGCGTGGAATGG-1,45,47
ATCGACCCAATACAGA-1,43,63
ATCGCACGCCGGGAGA-1,25,57
ATCGGAGACAGACGGC-1,52,76
ATCTAATATCCTACGG-1,55,67
ATGATGCAATGGTACA-1,44,50
ATGCCGGTCTTGCATA-1,31,75
ATGCGACAGTCCCATT-1,35,71
ATGGAGCAGGCCGTGA-1,36,66
ATGGATTGACCAAACG-1,27,61
ATGTGGACATCTTGAT-1,47,71
ATTAAACATGCGGACC-1,43,59
ATTAGGCGATGCTTTC-1,37,71
ATTCACTGATGTTGGA-1,56,68
ATTCATATACTGTCCA-1,46,60
ATTGAAGATCTTAGTG-1,31,49
ATTGCTGCTCCTCCAT-1,35,43
CAAACGAGTATCGCAG-1,47,47
CAAATGTCCTTCCGTG-1,45,53
CAAGAGGGCGGAGTAC-1,46,74
CAAGCGGCACATAATT-1,54,72
CAAGGATCGCATGTTC-1,40,68
CAATTAAGGGTGATGA-1,29,65
CAATTTCGTATAAGGG-1,37,63
CACAATGAGCTGCTAT-1,42,50
CACAGCACCCACGGCA-1,31,59
CACATATTAGCAGGAT-1,47,73
CACATGATTCAGCAAC-1,38,64
CACCGCCAGAAGGTTT-1,27,59
CACGCAGCGAGGCTTT-1,31,43
CACTAAAGTTGCCTAT-1,35,51
CACTCAAGAGCTATGG-1,39,57
CACTCGAGCTGAACAA-1,48,74
CACTTAATCAGACGGA-1,34,48
CAGACACCGATCGCTG-1,53,51
CAGACGAACCTGATAC-1,50,50
CAGAGACGGTCACCCA-1,51,57
CAGAGGCGATGCATGA-1,54,48
CAGCTCACTGAGACAT-1,33,59
CAGGATATATCGTTGT-1,44,60
CAGGCCGTTTGGGTGT-1,39,43
CAGGCGCCATGCTAGG-1,49,73
CAGTCTGTATACTGGG-1,42,66
CAGTTCAAATTGACAC-1,29,51
CATACGGCGTCTGGGC-1,39,63
CATACTATGTAATTGT-1,36,48
CATATAGGTACAGTCA-1,43,55
CATCGGACGGGTTAAT-1,42,58
CATGGTAAGTAGCGTT-1,45,73
CATTATGCTTGTTGTG-1,26,52
CATTTGAGTGGTACGT-1,50,48
CCAAGAAAGTGGGCGA-1,52,52
CCAAGCGTAACTCGTA-1,33,71
CCAATAGTGCCGTCGA-1,34,42
CCAATGTCACAGCAAG-1,37,49
CCACACTGAGATATTA-1,39,49
CCACCCAAGGAAAGTG-1,37,75
CCAGCCTGGACCAATA-1,37,65
CCAGGGACGTGGCCTC-1,27,53
CCATCGCAGTTAAACT-1,50,62
CCATGCCTGTTTAGTA-1,35,53
CCATTAGCGATAATCC-1,32,42
CCATTTCTACCTATTA-1,55,71
CCCGCAGCGCGAACTA-1,49,67
CCCTTTGACAGGTCTT-1,50,56
CCGAACCTTCCCGGCC-1,49,71
CCGCACAAAGACCAAC-1,36,76
CCGCATGTGGTACGAT-1,56,66
CCGCGGAATGCGTCAC-1,51,45
CCGCTATCAGCACCAG-1,45,63
CCGGGCGGTCTCGTCA-1,32,76
CCGTAAGTTGGTCCCA-1,33,77
CCTAAATTAACGGTTC-1,42,68
CCTACTGCTTACACTT-1,27,49
CCTATGGGTTACCGTC-1,29,69
CCTCGCGCTGTGCGAT-1,57,59
CCTCTGTACTATTCTA-1,53,61
CCTGACCACCGATGGT-1,45,61
CCTGCTATTTGAGAAG-1,26,50
CCTGTAAGACATGATA-1,37,41
CCTGTCACCCGGGCTC-1,29,67
CCTGTCGCCCGTAAAT-1,36,62
CGAACCCGCATGCGTC-1,49,49
CGACAGTTCGCGTTAT-1,36,42
CGAGACCCTAGAGTGT-1,43,61
CGAGAGATGTGAACCT-1,29,73
CGAGGCTAAATATGGC-1,29,71
CGAGGGACTGCGGTCG-1,38,78
CGATACCTCGCGGACA-1,40,48
CGATCCGACCCAGTGC-1,38,50
CGATTAAATATCTCCT-1,56,62
CGCATGGTGCGATGCT-1,40,66
CGCATTAGCTAATAGG-1,27,57
CGCCTCCCTCCTCTAT-1,43,73
CGCGCATGTTTGATTG-1,50,54
CGCGTTCATGAAATAC-1,27,51
CGCTACGGGACATTTA-1,38,48
CGCTATTCTTAGGCTC-1,38,60
CGGAACGTAAACATAG-1,47,45
CGGAGCAATTTAATCG-1,54,60
CGGAGCATGGCGATCC-1,39,67
CGGCAAACATCGTGCG-1,52,66
CGGCCACGCACAAAGT-1,35,59
CGGGAATTTATGTAAA-1,45,65
CGGGCAGCTAAACCGC-1,32,56
CGGGCCTTCTTTGTAA-1,41,55
CGTATTAAGAGATCTA-1,32,54
CGTCACGTCCATTGGT-1,47,51
CGTGAAGTTAATTCAC-1,40,56
CGTGCAGACTGGGACA-1,40,74
CGTGCCCTCCCGAAGA-1,43,77
CGTTGAGCGACCGTCG-1,44,74
CGTTGTTTCAATTCCC-1,34,40
CGTTTCGCTCATTACA-1,35,49
CTAAAGGGAAATAGGA-1,44,62
CTAAGGGAATGATTGG-1,44,72
CTACGCACGGAGTACC-1,35,57
CTACTGCCACCTGACC-1,27,63
CTAGATTTACGACGGC-1,42,74
CTAGCATAGTATAATG-1,34,66
CTAGTCACGTCTTAAG-1,37,69
CTAGTTACAACCCGGT-1,53,67
CTATCGGGTCTCAACA-1,35,69
CTATGTCACTAGCCCA-1,30,66
CTATTCATGTGTCCCA-1,52,62
CTCCGCCCACATGAGG-1,43,39
CTCGAGGTCGAACAGT-1,29,59
CTCTATTTGGCTGCAG-1,48,68
CTCTCACAATCGATGA-1,32,70
CTCTGGACGCCTGGTG-1,32,62
CTCTTGTCCCGCTTGG-1,54,58
CTGAATCCGAGACCTC-1,47,53
CTGCACAACTACATAT-1,50,76
CTGCACTCCAGTACAG-1,54,70
CTGCCATGCATCACAT-1,40,62
CTGCTTGGCGATAGCT-1,53,75
CTGGAAATGGATGCTT-1,29,53
CTGGATTTACACTTGA-1,49,55
CTGGCTGGTTGTCAGT-1,54,56
CTGGGTAGGCAGTTAA-1,43,79
CTGTACTTCTTAGCAT-1,39,51
CTGTGCAGGGTAGGTC-1,42,70
CTGTTACCCAATCTAG-1,48,58
CTTACACGGTATTCCA-1,31,45
CTTCATTGTCAGTGGA-1,36,60
CTTCCGCTCCGTGAAG-1,56,50
CTTCGTAGATAGGTGA-1,39,45
CTTCTATTAATGCTAG-1,51,47
CTTGCCCAGGCTCTAC-1,45,55
CTTGTCAACATTCGAG-1,50,66
CTTGTTGCTGAGTCAA-1,38,80
CTTTAATATTGGTCGA-1,51,73
CTTTAGTGCTATTATT-1,44,64
CTTTCTGTGCGGGCTT-1,54,66
CTTTGGCTTTAGTAAA-1,32,40
GAAACCGAATTACCTT-1,45,51
GAAAGCAGTGCACTTT-1,56,54
GAAATGGCGGTGTTAG-1,30,52
GAAATTGTCTCTATAA-1,43,53
GAAGCGTGAGGAATTT-1,34,60
GAAGTCAGTTGCACTA-1,52,58
GAAGTGATTTATCGTG-1,39,47
GAAGTTTCCACTCAAT-1,36,46
GAATCTGAACATTCTC-1,42,64
GAATTATAGTGAAAGG-1,34,68
GAATTCACCCGGGTGT-1,47,55
GACACAAGGGAAGAAA-1,30,72
GACACTGAGTTCAGTG-1,44,46
GACATCGATTTATAAC-1,52,50
GACCAGAGCCCTGTAG-1,31,47
GACCGTGCTGACGGTG-1,40,52
GACGACGATCCGCGTT-1,52,70
GACGCCGTAAAGGCTA-1,54,54
GACTGCACCAGCCCAG-1,46,80
GAGACTGATGGGTAGA-1,28,56
GAGACTTCGCGACCGA-1,53,57
GAGAGGGCGCGAGGTT-1,38,40
GAGATCTGCTTGGCAT-1,34,44
GAGATCTGTCACTCCG-1,30,74
GAGATCTTCCATGACA-1,45,77
GAGATGGGAGTCGACA-1,52,72
GAGTATGCCCGCCTTG-1,49,43
GAGTCCGCTTACCGGA-1,46,58
GATACGATGGGAGTCA-1,45,45
GATAGGTAACGTTGAC-1,48,60
GATCATTCCAAACATT-1,30,56
GATCCCTTTATACTGC-1,28,60
GATCCGGGAATTAACA-1,39,73
GATCGACACTATCTGA-1,27,47
GATCGCGGGCTCTCCA-1,36,52
GATCGGTGGCCATAAC-1,28,68
GATCGTGACTGATATC-1,38,72
GATCTTGGAGGGCATA-1,44,70
GATCTTTGCAGGGTAT-1,36,38
GATGCGTCCTGCATTC-1,37,57
GATGCTGTATTTCATC-1,43,75
GATGTTCAATCCACGA-1,41,43
GATTACTGAATTTGGG-1,41,39
GATTCGACGGTTCACG-1,41,71
GCAAACCTTGGCCATA-1,57,67
GCAAATATTACGCTTT-1,35,41
GCAGATTAGGGATATC-1,37,61
GCAGCACACAGCCCAG-1,38,42
GCATAGAGCACTCAGG-1,37,59
GCCATCGAGCTGCGTG-1,53,47
GCCCGATCTGTGGTCG-1,53,63
GCCGAAATTCCTACGT-1,35,45
GCCGATTGGCCAAGCT-1,41,61
GCCGCTTGTGAGAAAC-1,36,40
GCCGGGTTAGGGTCGC-1,41,59
GCGAAGCCATACCCGT-1,31,61
GCGACGATAGTTGTAC-1,48,54
GCGAGGCCCGAGCAGA-1,37,47
GCGAGTTCTGCAAAGA-1,35,63
GCGATTGTTAACGTTA-1,37,77
GCGCCGTTCCACGATA-1,41,65
GCGCTAATTGAATAGA-1,34,70
GCGCTATGCCGAGGCA-1,43,47
GCGGACCGCGTTGTGG-1,51,43
GCGGAGAGGGAGAACG-1,46,78
GCGGCTCTGACGTACC-1,38,38
GCGGGCGAGCCTTACC-1,55,51
GCGGTTCCCTATCATG-1,47,49
GCGTCGCCAGGGTGAT-1,54,62
GCGTCTCTGCATTGGG-1,39,41
GCTACGACTTATTGGG-1,43,69
GCTAGCTTGAATAGCT-1,52,44
GCTAGTAGAGCTTGTA-1,39,65
GCTCTCGGGTACCGAA-1,26,58
GCTGAGGCGTGAGTAT-1,40,64
GCTGCACGGTTTCTTA-1,41,73
GCTGCTAAGTAGTCGA-1,56,56
GCTGCTACTGCGTAGC-1,51,75
GCTGCTCTCCGGACAC-1,31,63
GCTGGCGGCGCATGCT-1,54,64
GGAACCGTGTAAATTG-1,49,47
GGACCAACAGGATAAC-1,51,67
GGAGACGACACCTTTG-1,43,67
GGATGACGCGAGTTTA-1,37,45
GGCAAATTACTTTACT-1,41,53
GGCAAGGCGAAATAGC-1,45,69
GGCAATAGTCAATGAG-1,30,70
GGCACTCCACTGGGCA-1,34,46
GGCGCATGAATTGATG-1,42,54
GGCGCGTTCGAGTTTA-1,47,59
GGCGGAGTAATATTAG-1,32,46
GGCGGTAGGATCATTG-1,31,69
GGCTATTAAGTTGTAT-1,33,41
GGCTGAAATAGCAAAG-1,49,79
GGGACCCGTATATCTT-1,57,53
GGGACTGCATAGATAG-1,32,60
GGGAGAACTCACAGTA-1,32,64
GGGAGGATGCCCGAAA-1,37,51
GGGAGTTAATGAGGCG-1,33,75
GGGATGGTCGTAACCG-1,47,43
GGGCCCGTCTTAAACA-1,42,52
GGGCGATATGTGTGAA-1,28,58
GGGCGGCAAATGAATT-1,49,45
GGGCGTCACCACGTAA-1,48,50
GGGCTATGATCGATGG-1,57,51
GGGCTGCCTAGGGCGA-1,33,69
GGGCTGGTTAGTCGCG-1,31,51
GGGTACTTCATGAACT-1,37,39
GGGTCACCGTGACGGT-1,35,47
GGGTGACACCTTAACT-1,46,56
GGGTTAACATTTGAGT-1,54,50
GGTACAAACATGCTAT-1,40,54
GGTAGAAGACCGCCTG-1,53,71
GGTAGACCGTTGGGCG-1,53,53
GGTAGTGCTCGCACCA-1,34,72
GGTATTGCCGAGTTTA-1,33,53
GGTCAGTGGGTCCCAC-1,48,62
GGTCGGTCGTCCACAG-1,56,52
GGTGATAAGGAGCAGT-1,37,79
GGTGCTGGTACACATT-1,42,46
GTAATCTGATTCTTCG-1,50,44
GTACACTTACCTGAAG-1,36,64
GTACGCTTCATTGCAC-1,46,72
GTACGTTTGCCCGTCA-1,44,68
GTACTAAGATTTGGAG-1,27,55
GTAGCCAAACATGGGA-1,50,70
GTAGCGGCTATACACT-1,39,69
GTATCTTTCATAACCA-1,46,66
GTCAAGCGGACTCGGG-1,39,77
GTCATGCACCTCCGTT-1,29,61
GTCATGGACATGACTA-1,26,62
GTCATTAGAGCGAACG-1,37,67
GTCCCAACGTAAAGTA-1,33,73
GTCCGGCTGAATTGCG-1,28,52
GTCGCGTAACCCGTTG-1,39,75
GTCGTACCATCTCGGG-1,46,62
GTCGTTATTCGCTTAT-1,46,76
GTCTATCTGAGTTTCT-1,40,42
GTCTGGGCGGTCGAGA-1,46,44
GTGACTTCAGTAGTGC-1,46,50
GTGAGGACACTTAAGG-1,41,77
GTGAGTGGTACAACGC-1,52,56
GTGATCATAGATCTGC-1,45,57
GTGCCGCTTCAAAGGT-1,44,44
GTGCGAAATCGAACAC-1,45,43
GTGCTCAAGTACTGTC-1,34,52
GTGGACGCATTTGTCC-1,56,64
GTGGTGGCCAAGTGAA-1,45,79
GTGTTACTATGCGTCC-1,41,75
GTTACCTACAACTTGC-1,47,67
GTTACTTTGGGCCTAG-1,43,51
GTTATATTATCTCCCT-1,48,56
GTTCGCCATAAGTGCC-1,37,53
GTTGAACCGGTTCCAT-1,42,40
GTTGGATTTGCGTTGG-1,36,50
GTTGGTCATGCTATCC-1,55,63
GTTTACGTTCCATCTG-1,48,64
GTTTCTGCAGTCTCCC-1,40,72
GTTTGACCAAATCCTA-1,30,58
GTTTGGCCCAAGTTAT-1,42,80
GTTTGGGCTTGTGAGC-1,51,65
GTTTGGTAGGGTCAAC-1,53,59
TAACATACAATGTGGG-1,38,70
TAACTCATCCGCGCGG-1,43,49
TACAACGCACAACTCA-1,41,49
TACATAGGCATACACC-1,40,60
TACATTTCTAACGTGC-1,39,55
TACCAGAAGTAGGTTC-1,49,51
TACCGGCTCACTGCCC-1,47,65
TACCGTGCCTCGGACC-1,51,69
TACGAACACGACTTCA-1,31,53
TACGACGCTTGCTGCG-1,46,54
TACGACTGCCTCTTAG-1,44,66
TACGAGAACTTCACGT-1,35,39
TACGCAGTTCTTTCCT-1,41,51
TACGCCATATTCTAAT-1,40,58
TACGCCTCCATTCCGA-1,55,59
TAGAGTCTAAGCGAAC-1,29,55
TAGATATGGACTGGAA-1,49,53
TAGCGTTGGGTCTTAC-1,38,68
TAGCTAAGTCCGGGAG-1,29,57
TAGCTAGAAGGCATGA-1,51,51
TAGCTCGCCTGATAAC-1,50,58
TAGGTTCGAGTTCGTC-1,35,67
TAGTCCGCAGAGAATG-1,39,53
TAGTGCCCTCCAGAGT-1,32,52
TATACACAGACGCCTT-1,50,60
TATCTACCACAGCGGG-1,42,60
TATGGATGTGCTACGC-1,26,54
TATGGGACCGAGCAGG-1,36,56
TATGGGTACGTATCGT-1,32,58
TATGGTCTGAGTAACA-1,36,58
TATTCAATTCTAATCC-1,34,74
TATTCCACTCAGCTCG-1,49,57
TATTCGTGCCAGAATA-1,34,64
TCAAACTTAGATTGTT-1,31,65
TCAACGAGGAGACAAA-1,42,56
TCACAGCAAACTCGAA-1,51,49
TCACAGGAGAATAAGA-1,55,49
TCACAGGGAATCGCAA-1,47,79
TCACAGGTTATTGGGC-1,32,48
TCACCCTCTTAAGATT-1,45,59
TCACGCATTGTAGATC-1,33,49
TCACGTGCCCGATTCA-1,38,62
TCAGACGCTATAGAAG-1,48,72
TCAGCAAATGCATCTC-1,31,73
TCAGGTTCTTTGAGAA-1,30,42
TCAGTAGGGACTATAA-1,46,48
TCCAACTTTAAATTCT-1,40,40
TCCAGAGCACCGGTTC-1,40,70
TCCAGGCGAGTACGGT-1,31,57
TCCCAAAGACGAAGGA-1,26,60
TCCCAGCTTTAGTCTG-1,34,56
TCCCAGGCTTAGCTAA-1,30,48
TCCCGCGTACTCCTGG-1,27,69
TCCCGTGTGCAATTTG-1,44,80
TCCGCTTATCCCATTA-1,50,64
TCCGGTTCGTCCGGTC-1,51,53
TCCTAAATTGGGAAGC-1,56,70
TCCTAGCAAAGAAGCT-1,41,41
TCCTCGGGCTGGGCTT-1,40,76
TCCTTTCTTACGCTTA-1,30,62
TCGAAATTTAGGACCA-1,29,45
TCGAGACCAACACCGT-1,37,55
TCGCAAAGATGCATTT-1,47,75
TCGCTCGATATATTCC-1,29,63
TCGGAGTACATGAGTA-1,32,74
TCGTGTACTATGGATG-1,47,77
TCGTTAGGAGTCCCTA-1,52,54
TCTACCGTCCACAAGC-1,27,67
TCTAGCATGCCCAGAA-1,48,66
TCTAGTTATCAGAAGA-1,34,54
TCTGCCAGAAACTGCA-1,41,79
TCTTCGAATAGACGTT-1,39,71
TCTTCGATACCAATAA-1,32,66
TCTTGATGCGTAGCGA-1,32,68
TGACCCACGTTAGACA-1,33,47
TGACTATAATCCTTTC-1,46,68
TGAGCCATACAGTCTC-1,42,38
TGAGCGGAAAGTGTTC-1,55,65
TGAGTAAATTAGCGTA-1,47,57
TGAGTGCCTCTTAAAT-1,45,41
TGATCGGTTTGACCCT-1,28,54
TGATCTCCGGCGCCAG-1,28,50
TGATTCTGTCGCCGGT-1,48,44
TGCAAGAATGACGTAA-1,30,60
TGCAGAGTACCGAGCA-1,38,46
TGCCAATGGGTACTCT-1,54,52
TGCCAGTACGTGGAGA-1,51,71
TGCCCGTACCGTTAAA-1,45,75
TGCCGTGGATCGTCCT-1,57,63
TGCGACACCCTAGTGC-1,46,46
TGCGCAAAGCATTTGG-1,31,67
TGCGTAAGAACCTGAT-1,43,43
TGCGTTTGTTGACACT-1,42,76
TGCTCGGCGAAACCCA-1,57,61
TGCTGTTGAAGAACTC-1,38,66
TGGACTGTTCGCTCAA-1,37,73
TGGCAAACTAAATTAC-1,50,78
TGGCAGATTACGATCA-1,44,58
TGGCAGCAGTAATAGT-1,39,61
TGGCGATCAAGTTATG-1,51,55
TGGTCCCACGCTACGG-1,52,74
TGGTTCAACGGGTAAT-1,50,74
TGTACGAACAAATCCG-1,38,58
TGTTCCGCTTCCATGA-1,36,44
TGTTCGTATTGCGGTG-1,49,61
TGTTCTTCCATTGACT-1,33,43
TTAAGCGCCTGACCCA-1,30,44
TTAATGTAGACCAGGT-1,30,68
TTACTAAAGGACTTTA-1,48,78
TTACTCCGGCCGGGAA-1,34,78
TTACTGGGATATTTCA-1,44,54
TTAGAAGAACATGACT-1,52,64
TTAGACGAGTCACCTC-1,48,80
TTATATACGCTGTCAC-1,38,74
TTATATTTGGCAATCC-1,26,64
TTATGAATGAAAGGGA-1,41,63
TTATTAGAGCGTGTTC-1,46,70
TTCAAAGTCTCTAGCC-1,35,75
TTCACGAAAGGATCAC-1,38,54
TTCACTCGAGCACCTA-1,55,69
TTCCAATCTGGCTATC-1,48,46
TTCCACACAGATTTGA-1,50,46
TTCCGCGTGAGGCGAT-1,46,64
TTCGACAGAGCCCGTG-1,52,68
TTCGGGACTAATCGCG-1,36,72
TTCTGCCGCGCCTAGA-1,49,69
TTCTGCGGGTTAGCGG-1,40,80
TTCTTGAGCCGCGCTA-1,47,41
TTGAAGAATTCCCAGG-1,32,50
TTGAATATGGACTTTC-1,34,76
TTGACTACCATATGGT-1,43,41
TTGATCTAACTTTGTC-1,29,47
TTGCACAATTCAGAAA-1,43,57
TTGCGGCATCAGAAAG-1,53,45
TTGCTGATCATGTTCG-1,33,57
TTGGATATCGTCTACG-1,48,52
TTGGGACACTGCCCGC-1,28,70
TTGGTCACACTCGTAA-1,48,48
TTGTAATCCGTACTCG-1,35,55
TTGTGTATGCCACCAA-1,56,60
TTGTGTTTCCCGAAAG-1,51,59
